한겨레,중앙일보
‘미싱타는 여자들’ 이혁래·김정영 감독 ‘들꽃영화상’ 대상 ,"안정환 ""車 부수고 살해협박…그때 35억, 국민사랑과 퉁쳤다"""
원로작가 7명 특별 초대전 연다 ,"신동엽 부친상…""1년째 못 뵀는데"" 방송서 밝힌 짠한 가족사"
“권력의 장으로까지 간 시험능력주의…방관은 죄악” ,"5살 꼬마, 손흥민 제치고 토트넘 이달의 골 주인공 됐다"
손석구씨가 ‘해방일지’ 구씨에게…“구겨진 것 하나 없이 행복했으면” ,손실보전금 못받았다고 실망 ‘금물’…다음달 300만원 나갑니다
등장인물도 볼거리도 종합판…‘쥬라기’ 시리즈 끝판왕이 온다 ,김은혜 유세중 느닷없는 손짓…인파속 사라진 아이 찾았다
"성범죄자 안돼!…승리, 인스타서 퇴출 ","송강호 ""한국팬 덕분"" 박찬욱 ""배우 상 원했는데 엉뚱한 상"""
‘군백기’ 같은 공백 19개월째…‘블핑 완전체’ 언제 돌아오나 ,"안정환 ""車 부수고 살해협박…그때 35억, 국민사랑과 퉁쳤다"""
"‘덜 알려진’ 베르디의 명작, 국내 첫선 ‘205분 대장정’ ","이서진에 ""내 핸드백 들어줘""…짐꾼 취급한 美여배우 황당"
국립 박물관이 들러리인가…시민 찬밥 만든 ‘외교만찬 악습’ ,"이정재·정우성, 1000억 돈방석 물거품됐다…회사에 무슨 일"
은희경 “나의 질문이 27년 동안 독자들에게 가닿았다는 게 가장 큰 기쁨” ,"애로부부 불륜 개그맨 임성훈? ""90% 거짓말, 채널A 고소할 것"""
[포토 : 타임라인] 박찬욱·송강호 입국…‘이것이 칸 트로피’ ,"배우 박신혜 엄마 됐다…""서울 모 병원서 남아 출산, 모두 건강"""
“콘서트 급” 대학 축제 곳곳 들썩…떼창 티켓 10배 암표 거래도 ,"배우 박신혜 엄마 됐다…""서울 모 병원서 남아 출산, 모두 건강"""
"이선희, 장윤정도 ‘이곳’ 출신…21년만에 부활한 강변가요제 ","시험이 가장 공정? ""한국의 시험 능력주의는 탈락이 목표"""
"배철수·구창모, ‘송골매’ 38년 만에 다시 날아오른다 ","유네스코 세계유산 하회마을, 단오제 개최"
"10월 말, 건국대에 모인 학생들이 경찰에 포위됐다 ","이서진에 ""내 핸드백 들어줘""…짐꾼 취급한 美여배우 황당"
